<mods xmlns="http://www.loc.gov/mods/v3" xmlns:mods="http://www.loc.gov/mods/v3" xmlns:xsi="http://www.w3.org/2001/XMLSchema-instance" xmlns:xlink="http://www.w3.org/1999/xlink"><titleInfo><title>Supplemento do Livro 8 para os assentos de óbitos dos escravos da Companhia do Morro Velho</title><subTitle/></titleInfo><name type="corporate"><namePart>National Endowment for the Humanities Collaborative Research Grant</namePart><role><roleTerm authority="marcrelator" type="text">project</roleTerm></role></name><name type="personal"><namePart>Jane Landers</namePart><role><roleTerm authority="marcrelator" type="text">Project Director</roleTerm></role></name><name type="personal"><namePart>Kara Schultz</namePart><role><roleTerm authority="marcrelator" type="text">Metadata Creation</roleTerm></role></name><typeOfResource>text</typeOfResource><genre>Ecclesiastical records</genre><tableOfContents/><originInfo><dateIssued></dateIssued><copyrightDate/><issuance>monographic</issuance><edition/><publisher>Slave Societies Digital Archive</publisher><place/></originInfo><language><languageTerm authority="iso639-2b" type="code">por</languageTerm></language><abstract>Full title: "Supplemento do Livro 8 desta Freguesia de Congonhas de Sabará para os assentos de óbitos dos escravos da Companhia do Morro Velho desde o primeiro de Abril do corrente ano de 1871." The volume contains burial records of enslaved individuals owned by the St. John d'El Rey Mining Company (also known as the Companhia do Morro Velho).</abstract><identifier type="essss">essss:2223</identifier><physicalDescription><form>Good condition</form><extent/></physicalDescription><note type="rights statements">Vanderbilt University makes these historical records available for the limited purposes of individual private study, scholarship, research, teaching, and other educational or instructional uses. No rights of any kind are granted to users with respect to photographs or graphic images published on this site.</note><subject><topic>Burials</topic><geographic>Nossa Senhora do Pilar de Nova Lima,Nova Lima,Minas Gerais,Brazil</geographic><temporal>1871-04-01/1885-02-28</temporal><hierarchicalGeographic><continent>South America</continent><country>Brazil</country><province>Minas Gerais</province><region/><county/><city>Nova Lima</city><citySection/></hierarchicalGeographic><cartographics><coordinates>-19.9854, -43.84711</coordinates></cartographics></subject><classification/><name/></mods>