<mods xmlns="http://www.loc.gov/mods/v3" xmlns:mods="http://www.loc.gov/mods/v3" xmlns:xsi="http://www.w3.org/2001/XMLSchema-instance" xmlns:xlink="http://www.w3.org/1999/xlink"><titleInfo><title>Legajo 1, Expte. 3. Cofradía de la Santa Misericordia en Matanzas, 1726</title><subTitle/></titleInfo><name type="corporate"><namePart>National Endowment for the Humanities Collaborative Research Grant</namePart><role><roleTerm authority="marcrelator" type="text">project</roleTerm></role></name><name type="personal"><namePart>Jane Landers</namePart><role><roleTerm authority="marcrelator" type="text">Project Director</roleTerm></role></name><name type="personal"><namePart>Kara Schultz</namePart><role><roleTerm authority="marcrelator" type="text">Metadata Creation</roleTerm></role></name><typeOfResource>text</typeOfResource><genre>Ecclesiastical records</genre><tableOfContents/><originInfo><dateIssued></dateIssued><copyrightDate/><issuance>monographic</issuance><edition/><publisher>Slave Societies Digital Archive</publisher><place/></originInfo><language><languageTerm authority="iso639-2b" type="code">spa</languageTerm></language><abstract>Fundación de la cofradía y hermandad de la Santa Misericordia de la Yglesia Parroquial de la Ciudad de San Carlos de Matanzas. </abstract><identifier type="essss">essss:3087</identifier><physicalDescription><form>Poor condition, Insect damage</form><extent/></physicalDescription><note type="rights statements">Vanderbilt University makes these historical records available for the limited purposes of individual private study, scholarship, research, teaching, and other educational or instructional uses. No rights of any kind are granted to users with respect to photographs or graphic images published on this site.</note><subject><topic>Confraternities</topic><geographic>Catedral de San Carlos Borromeo,Matanzas,Matanzas,Cuba</geographic><temporal>1726-12-01</temporal><hierarchicalGeographic><continent>North America</continent><country>Cuba</country><province>Matanzas</province><region/><county/><city>Matanzas</city><citySection/></hierarchicalGeographic><cartographics><coordinates>23.04631, -81.57703</coordinates></cartographics></subject><classification/><name/></mods>