<mods xmlns="http://www.loc.gov/mods/v3" xmlns:mods="http://www.loc.gov/mods/v3" xmlns:xsi="http://www.w3.org/2001/XMLSchema-instance" xmlns:xlink="http://www.w3.org/1999/xlink"><titleInfo><title>Legajo 1, Expte. 9. Expediente promovido por el moreno Julian Escalera y el Pardo Francisco Fernández, 1867-1868</title><subTitle/></titleInfo><name type="corporate"><namePart>National Endowment for the Humanities Collaborative Research Grant</namePart><role><roleTerm authority="marcrelator" type="text">project</roleTerm></role></name><name type="personal"><namePart>Jane Landers</namePart><role><roleTerm authority="marcrelator" type="text">Project Director</roleTerm></role></name><name type="personal"><namePart>Kara Schultz</namePart><role><roleTerm authority="marcrelator" type="text">Metadata Creation</roleTerm></role></name><typeOfResource>text</typeOfResource><genre>Ecclesiastical records</genre><tableOfContents/><originInfo><dateIssued></dateIssued><copyrightDate/><issuance>monographic</issuance><edition/><publisher>Slave Societies Digital Archive</publisher><place/></originInfo><language><languageTerm authority="iso639-2b" type="code">spa</languageTerm></language><abstract>"Expediente promovido por el moreno Julian Escalera y el Pardo Francisco Fernández solicitando erigir una Cofradía bajo la advocación de San Francisco de Assis en la Iglesia de Termino del Santo Cristo del Buen Viaje." 1867.</abstract><identifier type="essss">essss:3108</identifier><physicalDescription><form>Good condition</form><extent/></physicalDescription><note type="rights statements">Vanderbilt University makes these historical records available for the limited purposes of individual private study, scholarship, research, teaching, and other educational or instructional uses. No rights of any kind are granted to users with respect to photographs or graphic images published on this site.</note><subject><topic>Confraternities</topic><geographic>Iglesia del Santo Cristo del Buen Viaje,Havana,La Habana,Cuba</geographic><temporal>1867-09-30/1868-09-19</temporal><hierarchicalGeographic><continent>North America</continent><country>Cuba</country><province>La Habana</province><region/><county/><city>Havana</city><citySection/></hierarchicalGeographic><cartographics><coordinates>23.13619, -82.3561</coordinates></cartographics></subject><classification/><name/></mods>