seconds,alt,x_acc,y_acc,z_acc,x_gyro,y_gyro,z_gyro
0.382813,175.426,0.404387,9.66222,-1.24188,0.35861,1.40716,-0.0484036
0.442383,175.32,0.827917,7.21915,-0.638884,0.406257,0.645416,-0.00686479
0.5,175.204,0.574277,12.0383,0.129212,-0.0531131,-1.16091,-0.0942185
0.557617,175.531,0.550349,7.29811,0.842274,-0.0549457,-1.42358,-0.014806
0.615234,175.13,-0.667598,2.42632,-1.29452,0.155192,-0.529888,-0.369719
0.672852,175.553,1.52184,9.26501,-2.16072,-0.212549,-0.181695,-0.0251908
0.827148,175.669,-0.918844,3.40499,-5.15414,0.177183,-1.06928,0.107367
0.958008,175.51,-2.534,6.74776,0.114856,-0.144132,-1.63128,0.308342
1.0166,175.32,7.36272,7.07318,-1.51466,-0.109313,-0.802334,-0.2506
1.07422,174.908,-14.7111,12.2752,-1.38305,-0.189336,1.65273,0.0927062
1.13184,175.109,0.856631,10.9783,0.287139,-0.19239,0.0150032,0.0560543
1.18945,174.834,-0.138784,10.3537,-0.933201,-0.0830455,0.291114,-0.023969
1.24707,174.971,0.394816,5.81217,-1.06481,0.157025,0.484148,-0.0636752
1.30469,175.024,-0.559921,11.1482,1.32323,0.11121,0.230028,-0.014806
1.53418,174.612,1.26341,14.7087,4.36212,0.0922728,0.223919,-0.13026
1.59277,175.637,0.337388,8.99223,0.00717847,0.0250777,0.165887,0.00657424
1.65039,174.464,-0.189033,13.4955,-0.289532,0.0476797,-0.758352,-0.0887207
1.70801,174.718,-0.155533,13.6582,-3.49591,-0.0720499,0.710778,0.175173
1.76563,174.527,1.02413,6.87937,-1.45962,0.0379058,-0.0741831,0.00107646
1.82324,174.866,-5.94617,7.00858,2.93121,0.205283,-4.7418,-0.218835
1.88086,175.278,-1.28495,10.8036,0.524028,0.0238559,-0.150541,0.0487239
2.00977,175.077,-1.64626,9.74836,-1.58166,0.0336298,-0.565929,0.168453
2.06934,175.088,1.81855,8.04945,0.480958,0.0201907,0.0736462,0.0762129
2.19043,175.901,1.44766,9.80579,0.61017,-0.00607647,0.0736462,-0.01053
2.24902,175.426,-1.18445,9.81775,1.03849,0.0238559,-0.578147,-0.0215255
2.30664,175.933,1.1988,9.63111,0.559921,0.00675172,0.879988,-0.0117517
2.36426,175.563,-0.0215354,9.45644,0.449851,-0.00668733,0.00400764,-0.0569557
2.42188,175.764,-0.454636,10.0977,0.174676,-0.0103525,1.71443,0.167843
2.64844,175.711,-0.705883,9.59761,-0.428315,-0.301735,0.325323,-0.0844447
2.70703,175.479,-1.71087,9.58326,0.851845,-0.240038,-0.456584,-0.0264125
2.76465,176.134,0.538385,9.92782,3.6993,-0.667643,-0.824936,0.112254
2.82227,175.521,0.722633,9.24348,-0.746561,0.199785,0.178715,0.112254
2.88086,176.229,0.198604,10.3944,-2.23729,0.166798,0.110298,0.108589
2.93848,176.155,2.35215,9.58804,1.83769,0.376325,0.482926,-0.122929
2.99609,176.071,0.0478565,8.87259,0.892523,-0.00118953,0.957568,-0.20112
3.05469,176.43,0.11007,8.9348,-0.117248,-0.105647,0.0650941,0.0267328
3.18359,176.292,-1.71805,9.81775,-0.193819,-0.0543348,0.029664,-0.0398515
3.24219,176.832,-0.760918,9.734,0.526421,-0.0134069,-0.435204,0.0994257
3.30078,176.208,1.05523,9.80339,-0.399601,-0.0598326,0.186045,0.0432261
3.3584,173.703,1.93579,9.69811,-0.425922,0.158857,0.0168358,0.0420044
3.4873,169.349,2.71585,8.57827,0.263211,0.0653948,0.666185,0.13791
3.54492,176.969,-0.31346,11.1601,0.677169,0.0751686,0.34426,-0.168744
3.60254,176.071,4.35015,9.90868,1.02652,0.0421819,-0.0497485,0.0823215
3.83691,175.553,-0.0933201,9.75554,-0.634098,0.0941055,0.0553203,0.0114612
3.89551,176.219,-0.167498,9.80339,-0.650848,0.0629513,0.0418813,0.0151263
3.9541,176.24,0.200997,9.77707,-0.284746,0.0317971,-0.0399747,0.021235
4.01172,175.764,0.42353,9.77229,-0.229711,0.0195799,-0.0259247,0.0322306
4.06934,176.102,0.148355,9.76032,-0.758525,-0.0146286,-0.0888439,0.0615521
4.12695,176.081,1.07916,9.74357,0.308674,-0.0231807,0.0767006,0.0224567
4.18457,175.722,0.215354,9.68615,-0.555135,-0.0402849,-0.0436398,0.0249002
4.31641,176.62,0.495314,9.64308,0.308674,0.0226342,0.0455464,-0.0319103
4.375,176.462,-0.167498,9.60718,-0.136391,-0.0121851,0.0137815,-0.00808653
4.43359,176.335,0.839881,9.74118,-0.0215354,-0.00607647,0.0534877,0.0139046
4.49121,176.578,1.07438,9.72204,0.136391,-0.0378415,-0.0436398,-0.00625393
4.54883,176.62,0.399601,9.76032,0.0765703,-0.0140177,-0.0558572,-0.0306885
4.60645,176.345,-0.00239282,9.76272,-0.0741775,0.00491911,0.0944157,-0.0245799
4.66406,176.451,0.734597,9.75793,0.066999,-0.00485472,0.0553203,-0.0160278
4.9707,176.345,0.179462,9.72922,-0.0789632,-0.0384523,-0.0454724,-0.06001
5.0293,176.187,0.512064,9.75076,0.251246,-0.0378415,0.0351617,-0.0587883
5.08594,175.912,0.267996,9.73879,0.0358923,-0.0250133,0.0223336,-0.0630644
5.14355,175.648,0.244068,9.75076,0.689133,-0.012796,0.164054,-0.0532906
5.20215,174.982,0.0646062,9.74118,-0.217747,-0.00974166,-0.0002684,-0.0862772
5.25879,175.701,-0.0478565,9.72683,0.459422,0.00797343,0.156724,-0.0740599
5.31641,175.954,-0.0167498,9.75793,0.184247,0.0183581,-0.0344768,-0.0740599
5.44922,175.553,0.208176,9.81057,0.200997,0.028132,0.0693702,-0.0386298
5.50781,175.183,0.397209,9.72683,-0.0119641,0.00980601,0.0864744,-0.0288559
5.56445,175.204,0.275175,9.76751,0.39003,0.032408,0.03394,-0.0514579
5.62207,175.606,-0.131605,9.73879,-0.356531,0.0275211,0.0858636,-0.0312994
5.67969,175.436,0.208176,9.76511,-0.114856,-0.00851992,0.00278592,-0.01053
5.7373,175.669,0.112463,9.70768,0.260818,0.00369738,0.0363835,-0.0270233
5.79492,176.018,0.0287139,9.7364,-0.0502493,-0.00118953,-0.0277573,-0.0160278
6.02539,175.722,0.179462,9.72443,0.153141,-0.0176829,0.0168358,-0.000145286
6.08398,175.531,0.155533,9.72443,0.689133,-0.00241128,0.084031,0.00107646
6.1416,175.986,-0.129212,9.734,0.267996,0.0256885,0.0846418,0.0401718
6.2959,175.542,-0.0550349,9.83929,0.162712,0.0537883,0.0400487,0.0316197
6.35352,175.32,0.0311067,9.74836,0.129212,0.0226342,-0.00820971,0.0395609
6.41113,175.066,0.227318,9.71247,0.0167498,0.0195799,-0.0674636,0.0218459
6.53613,174.919,0.705883,9.74597,0.0837488,0.0794447,0.0253879,0.0187915
6.59473,175.204,1.03609,9.7699,-0.473779,0.0379058,0.0864744,0.0157372
6.65332,174.876,0.535992,9.7364,0.497707,0.0348515,0.0314965,-0.0123626
6.71094,174.919,0.0717847,9.75793,-0.0502493,0.059897,0.020501,-0.0141952
6.76855,175.045,0.112463,9.79382,-0.727418,0.0342406,0.0345509,0.0395609
6.82617,174.961,1.17727,9.67418,0.59342,0.0311863,-0.0558572,0.000465602
6.88379,175.014,0.595813,9.72204,0.145962,0.028132,0.0571529,-0.0215255
6.94141,174.929,0.299103,9.73879,-0.102891,-0.00485472,0.0302748,-0.0306885
7.16309,175.531,-0.818345,9.86322,-0.775275,-0.0390632,0.310662,0.00657424
7.22852,175.447,0.89013,9.76751,-0.318246,-0.0879324,-0.0283682,-0.0361863
7.28613,175.521,-0.358923,9.65743,-0.234497,-0.0347871,-0.18475,-0.0484036
7.34375,175.436,0.547956,9.53061,-0.0454636,-0.00363301,-1.48467,-0.0111408
7.40137,174.982,-0.0550349,9.81057,0.806381,0.0110278,0.0290531,-0.0343537
7.45898,175.288,1.15573,9.49712,0.215354,0.0122495,0.476817,-0.078336
7.67578,175.014,0.897309,9.76272,-0.244068,-0.0408958,0.548899,-0.0484036
7.73438,175.236,-0.287139,9.70768,0.330209,-0.0317328,0.629533,-0.00197788
7.79199,175.331,0.31346,9.64547,0.40678,0.0287428,0.215978,-0.0129734
7.84961,175.373,0.557528,9.92064,-0.399601,0.0128604,0.296001,-0.0050322
7.90723,175.542,0.442672,9.67179,1.45962,0.0311863,0.742543,0.00840685
7.96484,175.066,0.691526,9.67179,-0.973879,0.0275211,0.0901396,-0.0429058
8.02246,175.447,1.22034,9.52822,2.33061,0.00552997,0.649081,-0.0190821
8.24316,175.278,1.12702,9.49712,0.349352,-0.0201264,0.357699,-0.055734
8.30176,175.31,-1.2347,9.9015,-0.401994,-0.00424387,-0.212849,-0.0722273
8.35938,175.183,-0.102891,10.4686,-1.05045,-0.00241128,0.503084,0.0145155
8.41699,174.866,-0.29671,9.99004,1.00738,0.0672273,-0.0815135,-0.00197788
8.47461,174.876,-0.492922,9.26022,-1.12702,0.0427927,-0.697265,-0.0471819
8.53223,174.601,-0.215354,9.81057,0.428315,0.0543992,-1.37349,-0.0801686
8.58984,175.003,-0.524028,9.57129,0.842274,0.068449,-0.755908,-0.0593992
8.71289,175.299,0.0861416,9.65504,1.2658,0.0476797,0.00828367,-0.118042
8.77148,175.352,-0.928415,9.39661,1.12223,0.11182,0.139009,-0.014806
8.83008,175.13,-0.189033,9.61436,0.842274,0.0287428,-0.231786,-0.0300777
8.95215,174.992,-0.277568,9.76272,-0.732204,0.0214125,-0.59464,-0.0386298
9.00977,175.267,-0.260818,9.79622,1.22991,0.0501231,-0.31242,-0.0490145
9.06738,175.151,0.277568,9.74118,0.399601,0.0299646,-0.229954,-0.0123626
9.125,175.13,0.5336,9.868,0.837488,0.0311863,0.148783,0.0126829
9.18262,174.919,-0.165105,9.87279,-1.30648,0.00919515,0.00828367,0.0560543
9.4082,175.362,-0.251246,9.81057,0.0215354,-0.000578672,-0.159093,0.021235
9.46777,175.732,0.837488,9.64308,-0.459422,-0.071439,-0.271492,0.0157372
9.52441,175.606,-1.10548,9.68615,0.287139,-0.0634978,-0.136491,0.0389501
9.58203,174.982,0.677169,9.74836,0.445065,-0.0329545,-0.270882,0.0646064
9.63965,175.31,0.0287139,9.76751,-0.51685,-0.0152394,-0.056468,0.140965
9.69727,174.802,-0.0646062,9.7005,0.143569,-0.0164612,0.00461847,0.147684
9.75488,175.109,1.39023,9.57129,0.519243,0.0238559,0.0235553,0.123249
9.88086,175.119,0.746561,9.73879,-0.117248,0.0702817,-0.10717,0.163567
9.93945,174.855,1.35673,9.70768,-0.282353,0.0543992,0.143896,0.133634
9.99805,175.489,0.449851,9.65265,-0.160319,0.0427927,0.112131,0.10981
10.0557,175.088,0.928415,9.71486,-0.174676,0.0464579,-0.0637984,0.152571
10.1133,175.32,1.17488,9.734,-0.416351,0.0953272,0.0498225,0.0908736
10.2393,175.172,1.49551,9.71725,-0.385244,0.068449,0.0400487,0.100647
10.2959,175.119,1.49312,9.66222,-0.179462,0.0574535,-0.00149012,0.0768237
10.5176,175.595,1.70848,9.68375,-0.614955,0.0165255,0.0174467,-0.0923859
10.5762,175.648,1.04566,9.66222,-0.650848,0.0269102,0.0864744,-0.141866
10.6436,175.458,0.571885,9.69811,-0.70349,-0.00851992,-0.0210379,-0.0966619
10.7002,174.919,0.579063,9.66222,-0.531207,-0.0402849,-0.0662419,-0.064897
10.7578,175.056,0.882952,9.68375,-0.514457,-0.0329545,0.0217227,-0.0710056
10.8154,174.781,0.325424,9.71247,-0.459422,-0.0250133,-0.0778483,-0.0196929
10.873,174.908,0.677169,9.70529,-0.162712,-0.0231807,-0.101672,0.0554435
11.002,175.891,1.4333,9.65743,0.00957129,-0.00668733,-0.105948,0.0609412
11.0605,175.711,1.57208,9.63829,0.267996,0.0525666,0.0467682,0.00107646
11.1191,175.553,1.37587,9.69093,-0.165105,0.0806664,0.093194,-0.0050322
11.1768,175.267,1.37109,9.65983,-1.80658,-0.0256241,0.0278314,-0.0416841
11.2354,175.119,1.40219,9.62154,0.356531,-0.00607647,-0.1426,-0.023969
11.293,175.267,1.27777,9.56651,-0.100499,0.0513449,-0.118165,-0.0618427
11.3506,175.405,1.21316,9.73161,-1.07916,0.0702817,-0.0864005,-0.0618427
11.5762,175.531,0.921237,9.6359,0.0526421,0.064173,-0.0906765,0.0310088
11.7168,175.521,1.84008,9.72922,-1.42373,0.0531774,0.0272205,0.0255111
11.7744,175.479,1.36869,9.65025,-0.129212,-0.0237916,0.186045,-0.0435167
11.832,175.531,1.06002,9.6694,-0.468993,-0.012796,-0.109613,-0.0453493
11.8896,175.584,1.48355,9.68136,-0.51685,-0.0244024,0.0113381,-0.0227473
11.9473,175.637,1.55294,9.6694,-0.392423,-0.0121851,0.0669267,-0.0722273
12.0049,175.236,0.89013,9.69093,-0.212961,-0.035398,-0.00943142,-0.0758925
12.1348,175.775,1.51226,9.72922,-0.509671,-0.0909867,0.0821984,-0.0416841
12.1934,175.574,0.710669,9.64308,1.12702,-0.0995388,-0.0796809,-0.0758925
12.251,175.088,1.43091,9.71965,-0.0358923,-0.0140177,-0.0436398,-0.0380189
12.3086,175.056,1.14855,9.69093,-0.193819,0.0580644,-0.137102,-0.0258016
12.3662,175.32,0.691526,9.71486,0.0646062,0.0757795,-0.0601332,-0.0154169
12.4238,174.485,0.691526,9.72922,-0.27996,0.0843315,0.0125598,0.00962856
12.4814,174.654,1.48355,9.7364,-0.775275,0.0806664,-0.102283,-0.00747564
12.707,175.595,1.06241,9.62393,-0.311067,-0.0836563,-0.105948,-0.0545123
12.7656,175.066,1.1342,9.72922,-0.655633,-0.0922084,-0.052192,-0.0569557
12.8232,175.13,0.722633,9.69811,-0.215354,-0.109313,0.158556,-0.0618427
12.8809,174.897,1.01216,9.71725,-0.425922,-0.0482261,-0.117554,-0.0587883
13.041,175.563,1.3017,9.68136,0.0334995,-0.118476,-0.0583006,-0.0166386
13.0977,175.436,0.545564,9.60001,0.392423,-0.183227,0.0235553,-0.0410732
13.1553,175.838,0.31346,9.78664,0.579063,-0.184449,-0.448643,-0.0997163
13.2891,175.891,0.291924,9.64786,-0.0215354,-0.189336,-0.101672,-0.06001
13.3477,176.145,1.02174,9.6359,0.480958,-0.325559,0.0705919,-0.105214
13.4043,175.997,0.260818,9.78664,0.397209,-0.185671,0.11152,-0.0123626
13.4619,176.229,3.08195,9.68136,0.466601,-0.194223,0.221476,0.0389501
13.5195,175.352,1.95733,9.66222,1.08634,-0.297459,-0.0760157,-0.119875
13.5771,175.51,0.993022,9.59283,1.11984,-0.296848,-0.0063771,-0.171187
13.6348,175.278,0.519243,9.59044,1.9669,-0.224766,-0.0686854,-0.207839
13.8682,175.426,-0.471386,9.40858,2.58903,0.105712,0.00706196,-0.064897
13.9277,175.806,-0.502493,9.67897,1.91904,0.22483,0.115185,0.034674
13.9844,175.954,0.40678,9.74118,1.33041,0.246822,0.293558,0.103702
14.042,175.648,-0.18664,9.77229,0.959522,0.235215,0.4365,0.0896519
14.1064,176.102,0.299103,9.62633,0.258425,0.193065,0.192154,0.104924
14.1631,175.701,1.1007,9.70529,0.100499,0.149694,0.0382161,0.104924
14.2217,176.102,0.978664,9.70768,0.607777,0.0183581,0.0437138,0.00657424
14.4492,175.278,0.710669,9.64308,1.06959,-0.0213481,-0.121831,-0.0123626
14.5078,175.658,0.358923,9.73879,0.457029,-0.0470044,-0.120609,-0.0441275
14.5664,175.246,0.124427,9.65983,1.05523,-0.0525022,-0.215293,-0.0667295
14.624,175.162,0.875773,9.72922,1.26341,-0.0360088,0.121294,-0.0380189
14.6816,175.288,0.693919,9.74597,0.696311,-0.0305111,0.0217227,-0.0361863
14.7393,175.479,0.196212,9.74118,1.1318,-0.0329545,-0.0308117,-0.0545123
14.7969,175.574,0.344566,9.68375,1.48355,-0.00241128,0.0137815,-0.0404624
15.0254,175.014,0.478565,9.64308,1.25862,0.0886076,-0.247058,-0.0184712
15.084,174.76,0.224925,9.72922,0.76331,0.0574535,0.153059,0.0132938
15.1416,175.003,0.665205,9.73879,0.696311,0.0403493,0.0595964,0.0310088
15.2002,175.394,1.1318,9.76272,0.425922,-0.00546561,0.103579,0.0297871
15.2568,175.014,0.72024,9.72204,0.691526,-0.0115743,-0.0546355,-0.042295
15.3145,174.94,0.624527,9.73161,0.5336,-0.0476153,-0.104726,-0.0209147
15.3721,175.288,0.837488,9.76272,0.739382,-0.0726607,-0.0234813,-0.0258016
15.4297,174.739,0.705883,9.74597,1.39741,-0.0378415,0.0327183,-0.0667295
15.5576,175.193,0.550349,9.56411,1.32562,-0.021959,-0.196356,-0.069173
15.6162,174.897,0.358923,9.58086,1.50987,0.0977706,0.0620398,-0.028245
15.7412,174.929,0.224925,9.69811,1.12463,0.114264,-0.0240922,0.0151263
15.7988,174.919,0.205783,9.6694,1.28495,0.157635,0.0767006,0.030398
15.8564,175.066,0.526421,9.67897,1.00738,0.171685,0.256295,0.0633847
15.9141,175.003,0.806381,9.64308,0.698704,0.157635,-0.116944,0.0652173
15.9717,174.781,0.480958,9.65983,0.801595,0.140531,-0.171922,0.0914845
16.2041,175.151,1.11745,9.7029,0.411566,0.164355,0.0455464,-0.000145286
16.2627,174.961,1.14377,9.72443,-0.502493,0.15397,-0.00271183,-0.0300777
16.3203,174.549,0.808774,9.69572,-0.399601,0.119762,-0.0320334,-0.00564307
16.3779,174.802,0.98345,9.70768,-0.37328,0.0605078,-0.0155401,-0.0361863
16.4355,174.876,0.957129,9.71486,0.0119641,0.0434036,0.0180575,-0.0178604
16.4932,174.95,1.00259,9.68854,0.0789632,0.0214125,0.0168358,-0.0306885
16.5508,175.278,0.710669,9.70529,0.0287139,0.0391275,0.0993026,-0.0203038
16.6768,175.257,1.11745,9.74836,0.102891,-0.0244024,0.0895287,-0.060621
16.7363,175.172,0.617348,9.70768,-0.57667,-0.039674,-0.056468,-0.082612
16.793,175.066,0.473779,9.72204,-0.301496,-0.0732716,-0.129161,-0.0337429
16.8506,175.193,0.624527,9.74597,-0.457029,-0.126417,0.255684,0.0328414
16.9082,175.267,0.732204,9.66222,0.224925,-0.224766,-0.00149012,0.0401718
17.0322,175.119,1.32802,9.69333,0.710669,-0.18506,-0.145654,-0.01053
17.0889,175.394,1.51944,9.62872,1.56012,-0.161847,0.00217503,-0.0728382
17.3252,175.553,0.208176,9.69093,1.21077,-0.0341763,0.143896,-0.290306
17.3838,175.066,-0.349352,9.69572,1.10309,0.0104169,0.611207,-0.171798
17.4414,175.468,0.0239282,9.58565,0.959522,0.0427927,0.0479899,-0.199287
17.499,175.151,-0.468993,9.69572,1.09591,0.0562318,0.308218,-0.150418
17.5654,174.961,-1.35673,9.60958,0.784846,0.0660056,-0.165813,-0.0667295
17.6221,175.003,-1.12702,9.6694,0.784846,0.0592861,0.0663159,0.0762129
17.6797,175.003,-0.0837488,9.69093,0.509671,0.0440145,0.157335,0.131191
17.8066,175.531,0.385244,9.72443,0.600599,-0.00485472,0.0266097,0.0774346
17.8662,175.553,1.03131,9.57129,0.87338,-0.0384523,-0.169478,0.0694933
17.9229,175.468,1.0672,9.77468,0.311067,-0.0769368,0.0241662,-0.00808653
17.9805,175.32,0.445065,9.7364,0.636491,-0.0702173,0.107855,-0.0936076
18.0381,175.352,0.382852,9.65025,1.39741,-0.0732716,-0.0479159,-0.0795577
18.0957,175.214,0.445065,9.69093,1.11027,-0.067163,-0.0118749,-0.108879
18.1533,175.32,-0.327817,9.67658,0.744168,-0.0500588,0.0143924,-0.139422
18.3818,175.753,0.698704,9.71247,1.42373,-0.137412,0.000953317,-0.103992
18.5322,177.201,0.418744,9.60001,1.07438,-0.157571,0.138398,-0.152251
18.5898,176.155,-0.591027,9.70768,1.32802,-0.156349,-0.0454724,-0.179129
18.6475,175.838,-0.902094,9.73161,2.22772,-0.0830455,-0.056468,-0.13026
18.7051,176.018,-0.174676,9.43011,2.51486,-0.0109634,0.00400764,-0.103381
18.7627,175.606,-0.569492,9.18365,2.333,0.0208016,0.0498225,-0.0942185
18.8203,175.035,-0.878166,9.28655,2.45264,0.0635622,0.0547094,-0.0624535
18.9492,175.669,-0.648455,9.49472,1.3352,0.248043,0.119461,0.0114612
19.0078,175.68,-0.595813,9.47079,1.64148,0.23888,0.14695,0.0181807
19.0654,175.405,-0.5336,9.65743,0.89013,0.23827,0.0247771,0.0499457
19.123,175.627,-0.112463,9.77947,0.571885,0.157025,-0.10717,0.053
19.1807,175.468,-0.602991,9.70768,-0.136391,0.0543992,0.129846,0.0389501
19.2393,175.637,-0.581456,9.63111,0.258425,-0.0176829,-0.020427,0.0560543
19.2969,175.479,-0.433101,9.67658,0.334995,-0.0812128,0.108466,0.0591086
19.3545,175.341,0.39003,9.69572,0.739382,-0.127639,0.145117,0.0371175
19.5791,175.923,-0.380459,9.60718,1.29212,-0.0537239,-0.0503594,-0.0679513
19.6377,176.039,-0.760918,9.58326,1.1318,-0.0555565,-0.024703,-0.0795577
19.6953,176.113,-0.607777,9.48515,1.85683,-0.0323437,-0.0980069,-0.100938
19.8555,175.88,-0.736989,9.68136,1.80658,0.0159146,0.0718137,-0.0679513
19.9131,175.87,-0.909273,9.56172,1.72523,0.0513449,0.18238,-0.0319103
19.9707,176.197,-0.916451,9.61197,1.22273,0.0458471,0.129846,0.0071851
20.0283,176.018,-0.449851,9.57368,1.88076,0.0360732,0.113963,0.0493348
20.1543,176.398,-0.818345,9.69811,0.696311,-0.0176829,0.0241662,0.00840685
20.2139,176.514,-0.526421,9.61676,1.09831,-0.0555565,-0.0900655,-0.0129734
20.2715,176.155,-0.411566,9.54976,0.815953,-0.067163,-0.129161,-0.0563449
20.3291,176.06,-0.129212,9.53061,1.28734,-0.0793803,-0.143211,-0.121707
20.3867,175.923,-0.299103,9.70768,1.24905,-0.0879324,-0.132215,-0.141866
20.4443,175.933,-0.538385,9.42772,1.70848,-0.0311219,0.0284422,-0.13026
20.502,175.997,-1.42134,9.14776,1.45723,-0.0182938,0.198263,-0.103992
20.7295,176.039,-0.342174,9.47079,1.87358,0.0458471,0.105411,0.0823215
20.7881,175.901,-0.758525,9.84407,1.48355,0.0971597,0.0107272,0.108589
20.8467,175.997,-0.478565,9.54497,1.95015,0.0751686,0.0809766,0.118973
20.9043,175.817,-0.265603,9.48515,1.8018,0.113653,0.142674,0.12386
20.9619,175.637,-0.368495,9.52822,1.39023,0.138088,-0.0253139,0.0707151
21.0205,175.743,0.349352,9.76511,0.634098,0.0275211,0.0101163,-0.0789469
21.1729,176.599,0.11007,9.7699,0.205783,-0.0592217,0.176882,-0.157748
21.2949,176.092,-1.44287,9.57368,1.44766,-0.157571,-0.173143,-0.171798
21.3535,176.197,-1.39023,9.62872,2.10568,-0.141078,0.165276,-0.0795577
21.4102,175.753,-1.27059,9.7005,2.04826,-0.12886,-0.0369204,-0.0172495
21.4678,176.61,-1.24188,9.55454,2.50768,-0.0561674,0.0088945,0.00229819
21.5254,176.092,-0.894916,9.65265,0.751346,-0.0457827,0.0168358,0.0493348
21.583,175.775,-1.57208,9.63829,3.08195,-0.0616652,-0.19208,0.101258
21.6406,176.25,-0.224925,9.40619,2.09372,-0.0677738,0.257517,0.0902627
21.8643,176.187,-0.0430708,9.2698,2.35454,0.028132,0.065705,-0.0551231
21.9229,176.504,-0.00478565,9.28655,1.5003,0.050734,0.084031,-0.122318
21.9795,176.271,-0.495314,10.2126,1.13659,0.032408,-0.0583006,-0.121097
22.0371,176.832,-0.641276,9.82732,0.933201,0.109988,0.0785332,-0.151029
22.0947,176.969,-0.708276,9.31287,0.366102,0.00736257,0.160389,-0.132092
22.1523,176.99,-0.708276,10.0475,1.79701,-0.0830455,-0.0442507,-0.0288559
22.2119,176.388,-1.51705,9.88954,0.380459,-0.103204,-0.0613549,0.00962856
22.3379,176.229,-0.253639,9.6694,1.43569,-0.20644,0.167719,0.167843
22.3965,175.901,0.0765703,9.59761,2.43829,-0.164901,0.00339675,0.108589
22.5205,176.356,0.229711,9.47079,1.50509,-0.198499,-0.00332272,0.0365066
22.5771,176.43,-0.081356,9.60718,2.132,-0.18506,0.350368,-0.0520688
22.6348,176.345,-0.131605,9.20041,2.59143,-0.24126,-0.0393638,-0.117431
22.6924,175.648,-0.00717847,9.17169,2.28754,-0.245536,0.0614289,-0.140644
22.75,175.764,-1.04088,9.49712,2.48614,-0.298681,0.0437138,-0.161414
22.9756,175.901,-1.36391,8.99462,2.16311,-0.561964,-0.126718,-0.042295
23.0342,175.923,-0.770489,9.10469,2.18704,-0.661535,0.0223336,-0.0398515
23.0908,175.648,-0.689133,8.49213,2.34257,-0.84174,0.0259988,0.0139046
23.1484,175.51,-0.672383,8.51366,2.54836,-0.941311,0.220865,0.00596337
23.207,175.225,-0.591027,7.95614,2.01954,-1.15145,-0.0821244,0.0145155
23.2637,174.633,-0.234497,6.68076,2.22533,-1.32982,-0.130994,-0.0203038
23.3213,174.485,-0.177069,5.96531,2.44068,-1.56989,0.147561,-0.0569557
23.3789,174.686,-2.18943,2.51725,2.78524,-1.81729,0.00706196,-0.0306885
23.5059,174.686,0.433101,-0.31346,0.868595,-2.48741,-0.141989,-0.223722
23.5645,174.57,0.990629,-3.64905,0.70349,-2.58637,0.531795,-0.193789
23.6221,174.443,0.157926,-6.14956,0.0167498,-3.37194,1.41388,-0.331234
23.6787,174.39,-14.1392,-18.5276,78.3386,2.83139,-1.69236,-1.10581
23.8047,173.449,-0.323031,-5.71406,-3.40738,-0.773323,-2.36065,-0.0673404
23.8623,173.576,1.71087,0.775275,4.24008,0.275532,1.25567,-0.00319959
23.9189,173.555,4.54397,1.97886,21.3488,0.952981,0.857997,0.150127
24.1426,173.597,1.1988,-0.0526421,9.18365,0.0989923,0.158556,-0.0227473
24.2012,173.682,0.495314,-1.45484,10.9902,0.0580644,0.0626507,-0.0135843
24.2588,173.661,0.260818,-0.351745,9.83689,-0.0152394,0.0253879,-0.0050322
24.3164,173.534,0.330209,-0.509671,9.93979,0.0244668,0.107855,-0.0209147
24.374,173.249,0.461815,-0.59342,9.75315,0.00430824,0.00522935,-0.0215255
24.4404,173.534,0.758525,-0.619741,9.8704,0.0134712,0.0168358,-0.0190821
24.4971,173.566,0.571885,-0.567099,9.868,0.0134712,0.00217503,-0.0129734
24.623,173.64,0.751346,-0.567099,9.77468,0.00919515,0.0180575,-0.014806
24.6816,173.597,0.799203,-0.583849,9.93022,0.00675172,0.00278592,-0.0117517
24.7383,173.576,0.507278,-0.545564,9.94696,0.00675172,0.0241662,-0.0160278
24.7959,173.439,0.739382,-0.555135,9.85604,0.0104169,0.0247771,-0.0215255
24.8535,173.534,0.641276,-0.543171,9.76272,0.00919515,0.00584024,-0.014806
24.9111,173.756,0.701097,-0.547956,9.72443,0.00369738,0.00217503,-0.0111408
24.9688,173.492,0.667598,-0.550349,9.8345,0.00919515,0.0198901,-0.0227473
25.2578,173.481,0.732204,-0.521635,9.88954,0.00736257,0.0400487,-0.014806
25.3164,173.798,0.62692,-0.665205,9.80339,0.0146929,0.00950539,-0.0196929
25.374,173.809,0.672383,-0.543171,9.87997,0.00614083,0.0314965,-0.0111408
25.4316,173.661,0.751346,-0.5336,9.88475,0.0153038,-0.00271183,-0.0221364
25.4893,173.27,0.629312,-0.5336,9.74836,0.0116386,0.0088945,-0.0190821
25.5469,173.301,0.507278,-0.545564,9.91825,0.00919515,0.0015642,-0.023969
25.6045,173.365,0.717847,-0.569492,9.79143,0.0116386,0.00828367,-0.0215255
25.7305,173.555,0.727418,-0.555135,9.74357,0.00491911,-0.00576621,-0.0129734
25.7891,173.523,0.61017,-0.59342,9.9685,0.00675172,0.0382161,-0.0154169
25.8467,173.407,0.624527,-0.550349,9.89911,0.00980601,0.0400487,-0.0135843
25.9043,173.492,0.650848,-0.595813,9.7699,0.0104169,0.0156141,-0.0178604
25.9619,173.534,0.693919,-0.567099,9.85604,0.00736257,0.0259988,-0.0227473
26.0195,173.566,0.72024,-0.547956,9.84886,0.00858429,0.0235553,-0.0184712
26.0771,173.492,0.701097,-0.535992,9.8704,0.0104169,0.0302748,-0.0166386
26.3047,174.422,2.22772,-0.42353,9.62633,0.0446253,-0.140767,0.0322306
26.3643,174.242,-0.160319,-0.748954,11.0859,3.21865e-05,-0.132826,-0.0050322
26.4209,173.862,-1.90229,-1.1653,14.187,0.500942,0.776752,0.147073
26.5713,174.01,0.976272,-1.13898,12.2441,0.706192,0.759647,0.220988
26.6279,174.2,-2.34975,-0.937987,12.2513,0.836306,0.685733,0.207549
26.6855,174.232,-0.662812,0.0478565,13.2275,1.14296,0.236136,0.337052
26.7432,174.147,-1.53859,-0.0741775,10.952,1.41785,0.0247771,0.290626
26.8701,174.443,-0.416351,1.79701,9.64308,1.44167,0.477428,0.374315
26.9287,174.644,-2.36889,2.80678,8.04706,1.61088,-0.367398,0.371871
26.9863,174.992,-0.114856,2.80678,7.33879,1.55468,-0.399774,0.330333
27.0439,174.601,-0.51685,3.69213,7.56132,1.58462,-0.258664,0.257029
27.1016,174.686,-0.0717847,4.01276,7.47997,1.52658,-0.148098,0.193499
27.1592,174.802,0.399601,4.61097,6.23809,1.53025,0.242856,0.142186
27.2178,175.193,0.153141,5.65424,5.14935,1.50643,0.225141,0.118363
27.4394,174.95,1.41177,7.79582,2.40239,1.33722,-0.047305,0.0126829
27.498,175.066,0.502493,8.79123,-0.212961,1.23337,0.394961,-0.0905533
27.5557,174.76,-0.552742,9.1358,-0.174676,1.18328,0.588605,0.0902627
27.6133,174.771,0.710669,9.29372,-0.246461,0.974973,-0.383892,0.0725477
27.6709,174.728,0.277568,17.6925,-3.30688,0.911443,-0.56654,0.0902627
27.7285,174.919,0.253639,9.45404,-3.0341,0.523543,-0.0778483,0.000465602
27.8867,174.517,0.588634,9.48994,-2.29232,0.318293,-0.451698,-0.0343537
27.9443,174.771,0.425922,9.71965,-2.62732,0.155803,-0.278823,-0.0630644
28.0703,174.58,0.366102,9.56172,-1.1007,-0.0311219,0.159778,-0.0551231
28.1289,174.601,0.0382852,9.72443,-2.08176,-0.146575,0.149394,-0.0612318
28.1865,174.464,0.236889,9.63829,-0.892523,-0.207662,0.0486008,-0.0716165
28.2451,174.295,0.579063,9.73879,-0.11007,-0.198499,0.194597,-0.102771
28.3027,174.01,-0.277568,9.8345,0.775275,-0.0995388,-0.0460833,-0.0801686
28.3604,173.988,0.318246,9.69572,-0.894916,-0.094041,0.0369943,-0.0685622
28.418,174.612,0.394816,9.75315,-0.330209,-0.139245,-0.161537,-0.0960511
28.6504,174.982,-0.00239282,9.75793,0.148355,-0.226599,0.0314965,-0.143699
28.709,174.802,-0.289532,9.75315,0.818345,-0.200942,0.029664,-0.149807
28.7666,175.162,-0.622134,9.74597,0.808774,-0.145354,0.0443247,-0.138201
28.8242,174.771,-2.47657,9.75554,1.01934,-0.119697,-0.127328,-0.0306885
28.8818,174.686,-0.512064,9.868,0.552742,-0.0744934,-0.088233,0.0261219
28.9395,174.654,-0.440279,9.71965,1.9334,-0.0286785,0.0449356,0.0377284
28.9971,174.538,-0.583849,9.77229,1.02891,0.059897,0.350368,0.0560543
29.1318,175.088,-0.468993,9.47079,-0.555135,0.133201,-0.00759882,-0.055734
29.2617,175.31,-0.617348,9.77707,-0.0287139,0.0708925,-0.225067,-0.023969
29.3184,175.384,0.454636,9.65983,-0.129212,0.0440145,-0.576314,-0.0459602
29.376,175.035,0.385244,9.76032,-0.172283,0.0446253,0.477428,-0.13026
29.4336,174.982,-1.3998,9.74597,-0.68674,-0.0250133,0.279508,-0.10949
29.4912,175.225,-0.928415,9.75554,0.00478565,-0.0879324,-0.209795,-0.0270233
29.5488,175.151,-0.0334995,9.81057,0.232104,-0.110534,-0.109002,-0.0380189
29.7842,175.5,0.0741775,9.81536,1.84487,0.00552997,0.000342429,-0.0618427
29.8438,175.627,-0.299103,9.85125,0.957129,0.00980601,0.0815875,-0.0765034
29.9014,175.669,-1.11745,9.47319,0.581456,0.0153038,0.0101163,-0.0765034
29.959,175.563,-0.729811,9.801,0.9667,0.0843315,-0.0528029,-0.0380189
30.0166,175.68,-0.433101,9.75554,0.425922,0.102047,0.0180575,-0.0471819
30.0742,175.648,-0.9667,9.71247,-0.148355,0.103879,0.0241662,-0.0502362
30.1318,175.246,-1.67976,9.77229,0.265603,0.0617296,-0.074794,0.0236785
30.2646,175.658,-0.662812,9.76272,0.00957129,0.00797343,-0.00882053,0.0902627
30.3242,175.5,-0.87338,9.72204,-0.224925,-0.026235,0.065705,0.105534
30.3809,175.352,-0.684347,9.63111,-0.0239282,-0.0732716,-0.0149292,0.148295
30.4385,175.246,0.480958,9.62633,0.0741775,-0.101371,0.276453,0.00840685
30.5723,175.31,-0.11007,9.7364,0.332602,-0.142299,-0.102894,-0.0154169
30.6299,175.584,0.366102,9.69333,1.17009,-0.123973,-0.0961742,-0.0490145
30.6875,175.088,0.167498,9.71725,1.28495,-0.0708282,0.00522935,-0.113766
30.9238,175.563,-0.997807,9.80818,0.863809,0.144196,0.0388269,-0.0740599
30.9824,175.024,-1.2682,9.75076,0.744168,0.169853,0.0913613,-0.00686479
31.042,174.76,-1.13898,9.78186,0.588634,0.176572,-0.0308117,0.0639955
31.0986,174.485,-1.00259,9.72922,0.143569,0.166798,-0.121831,0.114697
31.1563,174.802,-0.330209,9.667,-0.229711,0.140531,-0.104116,0.124471
31.2139,174.792,-0.416351,9.84886,-0.48335,0.0989923,-0.0552463,0.126304
31.2715,174.601,-0.325424,9.58326,-0.454636,0.00614083,-0.390611,0.15868
31.4111,174.485,0.361316,9.76032,-0.141177,-0.0427284,0.0217227,0.0749911
31.4697,174.559,0.545564,9.79382,0.102891,-0.0903758,-0.178641,0.034674
31.5273,174.168,0.713061,9.56411,0.574277,-0.0696064,-0.113278,-0.0312994
31.585,174.76,0.674776,9.76272,0.315853,-0.0616652,0.137787,-0.0832229
31.6426,174.464,0.382852,9.72443,0.145962,-0.0787694,0.149394,-0.133925
31.7002,174.485,0.332602,9.88236,0.90688,-0.0555565,0.0363835,-0.192568
31.7578,174.57,-3.34995,9.10709,-2.31865,-0.17773,-0.159093,0.134856
32.0615,174.739,2.29711,9.41336,-1.80419,0.0629513,0.126791,0.173951
32.1201,174.506,-0.435494,9.71725,2.49093,0.129536,-0.402217,0.0279545
32.1787,174.591,-2.57468,10.0092,-0.31346,0.253541,2.27459,0.225264
32.2373,174.305,2.132,8.79841,-1.34237,0.186957,0.755371,0.0884302
32.2949,174.21,-0.37328,9.97568,0.87338,-0.164291,1.21841,-0.316573
32.3525,174.274,0.677169,9.71008,0.354138,-0.181395,0.192765,0.098204
32.4102,174.136,-0.988236,10.1504,0.0693919,-0.0109634,0.69062,0.098204
32.5439,174.327,0.0430708,9.99243,1.09591,-0.136802,0.088307,0.00535251
32.6035,174.189,0.445065,9.87997,1.3328,-0.0244024,-0.236673,0.161123
32.6602,174.422,0.591027,9.7364,1.27298,-0.165512,0.168941,0.101869
32.7178,174.623,0.911665,9.93261,0.90688,-0.180173,-0.195745,0.114697
32.7754,173.999,1.2658,9.17887,1.34955,0.186957,0.00645107,0.0786563
32.833,174.369,1.03609,10.2341,0.988236,0.0751686,0.234304,-0.215781
32.8906,173.967,0.375673,9.20041,1.06002,0.11182,0.0137815,-0.114377
32.9482,174.21,0.138784,7.3675,0.849452,0.194898,0.0412704,-0.0300777
33.1777,174.538,0.215354,11.3803,0.612563,-0.0140177,0.836005,0.0273437
33.2383,175.014,0.526421,9.72443,1.87597,-0.0390632,1.28072,0.404858
33.3877,174.221,0.756132,8.25524,2.61057,0.293858,1.79629,-0.297637
33.4453,174.612,-0.464208,9.65025,2.57228,0.29508,1.95633,-0.122929
33.5029,174.855,1.0672,9.36312,1.49791,0.509494,2.19335,0.0481131
33.5605,174.464,0.387637,7.79342,0.107677,0.476507,2.36011,0.228929
33.6182,174.221,2.96471,6.34337,-0.72024,0.571802,2.07056,0.676693
33.7441,174.623,3.65145,8.17628,-2.47657,0.100825,2.084,-0.0948293
33.8027,174.855,3.18485,7.93939,-0.598206,0.0476797,1.77185,-0.166301
33.8613,174.781,1.77069,6.60658,-0.770489,-0.0757151,1.56477,-0.199898
33.918,174.813,-0.985843,7.01815,0.468993,-0.0641086,2.18846,-0.411868
33.9756,174.887,2.10329,11.543,-1.40698,0.0287428,2.52627,0.0194024
34.0332,174.665,0.564706,9.37508,-1.05045,-0.0854889,1.82377,-0.0398515
34.0908,174.897,1.22034,10.0187,1.45723,-0.294405,1.11517,-0.108879
34.1484,174.95,-0.39003,11.2439,0.191426,-0.191779,1.28438,-0.0325211
34.3838,174.961,0.143569,9.5019,-0.165105,0.263926,-0.011264,-0.0123626
34.4424,175.088,-0.00717847,9.83211,-1.06481,0.0922728,0.81096,0.139743
34.501,174.94,-1.1007,14.1224,-0.0119641,0.230939,0.159167,-0.0587883
34.5586,174.961,0.366102,10.3801,0.0143569,0.0763903,-0.0198161,0.166621
34.709,174.728,0.854238,9.75315,-0.0861416,0.0861642,-0.391833,0.0621629
34.7656,174.971,-0.114856,9.59761,-0.241675,0.0910511,-0.187193,0.0646064
34.8232,174.94,0.208176,10.5595,-1.74676,0.0617296,-0.101672,0.148295
34.9502,174.919,0.241675,9.58086,0.387637,0.0262994,-0.209795,0.0132938
35.0088,174.887,0.607777,9.72683,0.562313,0.0818881,0.0198901,0.053
35.0674,174.728,1.59123,9.67897,0.449851,0.191233,0.0846418,0.10248
35.125,174.105,1.08156,9.67179,0.397209,0.184513,0.0333292,0.0279545
35.1826,174.136,0.545564,9.56651,-0.442672,0.244989,0.186656,0.098204
35.2412,173.851,1.32084,9.62393,-0.397209,0.207726,-0.508508,0.0859867
35.2988,174.115,1.89512,9.75315,-1.54337,0.246211,0.118239,0.0762129
35.5244,174.084,1.04327,9.43969,-0.490529,0.186957,-0.257443,0.0316197
35.583,174.041,1.13898,9.55215,-1.1677,0.219333,0.170163,0.0426153
35.6406,173.999,1.1677,9.05684,-1.2682,0.141142,-0.0613549,0.0426153
35.6982,174.136,1.28734,9.48754,-1.39023,0.190011,0.0369943,0.0707151
35.7559,174.052,1.53619,9.52104,-1.6678,0.194898,0.0437138,0.0743802
35.8135,173.629,2.62493,9.61676,-2.8331,0.197341,0.404735,0.0951497
35.8711,173.703,0.306281,9.58804,-3.0676,0.105101,-0.117554,-0.248156
36.0918,174.253,1.48355,9.28655,-2.08176,-0.0677738,0.427337,-0.00991912
36.1504,174.253,1.60558,9.41336,-1.07198,-0.128249,0.305164,0.00962856
36.2099,174.253,1.40459,9.50668,-1.49791,-0.0439501,1.09929,0.0139046
36.2666,174.179,1.79462,9.36551,-1.84008,-0.0915976,0.149394,0.00779597
36.3242,174.073,1.59123,9.45165,-0.825524,-0.143521,0.963066,0.0322306
36.3818,174.084,1.69173,9.53779,-0.851845,-0.126417,-0.0192052,-0.0154169
36.4395,174.041,1.58405,9.48754,-0.461815,-0.0934302,-0.0289791,0.0444479
36.4971,174.189,2.02672,9.49951,-0.545564,-0.0512805,-0.0741831,0.034674
36.7188,174.147,1.97647,9.60479,-0.665205,-0.102593,0.0229445,-0.0667295
36.7783,174.147,1.32323,9.48276,-0.684347,-0.105647,-0.0784591,-0.0820012
36.8359,174.147,1.15095,9.63351,-0.715454,-0.134969,-0.00576621,-0.0300777
36.8936,174.115,1.8329,9.65743,0.102891,-0.116643,-0.302647,-0.0233582
36.9512,174.316,1.61037,9.63111,-0.122034,-0.0689956,-0.0986177,-0.0135843
37.0088,173.978,1.28255,9.62393,-0.172283,-0.0402849,-0.161537,-0.0227473
37.1396,174.379,1.8329,9.60718,-0.363709,-0.0256241,0.0553203,0.0108503
37.1982,174.58,1.84008,9.64547,-0.0526421,-0.0231807,-0.074794,-0.0166386
37.2559,174.358,1.46201,9.60001,0.0789632,0.073336,-0.561043,0.0475022
37.3799,174.527,1.41177,9.77468,-0.751346,0.127092,-0.251334,-0.0196929
37.4365,174.549,1.47398,9.65025,-0.648455,0.0440145,0.200706,0.0462805
37.4941,174.084,2.29232,9.63351,-0.911665,0.0250777,0.052266,0.0145155
37.5518,174.284,1.92862,9.60718,-0.839881,-0.0103525,-0.108392,-0.0624535
37.6094,174.179,1.55773,9.60479,-0.638884,0.00064306,-0.0192052,-0.0752816
37.8408,174.401,1.60319,9.66461,-0.569492,0.0153038,0.0547094,0.0291762
37.9004,174.58,1.72044,9.47797,-0.799203,0.0153038,0.09747,-0.00686479
37.959,174.369,1.76112,9.62633,-0.591027,0.0208016,0.120072,0.00168732
38.0166,174.316,1.36391,9.43011,-0.904487,-0.00180042,-0.0399747,-0.000756145
38.0742,173.967,1.96929,9.67897,-0.705883,0.018969,0.193376,0.0041308
38.1318,174.115,1.57448,9.36312,-0.260818,0.0208016,0.0632616,-0.0129734
38.1895,174.21,1.72044,9.62393,-0.856631,0.00064306,-0.31242,-0.0832229
38.3301,174.242,1.52423,9.65504,-0.90688,-0.0305111,-0.245836,-0.136368
38.3896,174.147,0.839881,9.65025,-0.263211,-0.00424387,0.237358,-0.0154169
38.4473,174.094,2.15115,9.58326,-0.325424,-0.0164612,0.0760897,-0.00747564
38.5049,174.136,1.37109,9.59044,-0.92363,0.0409602,0.235525,-0.0453493
38.5625,174.242,1.65583,9.74118,-0.535992,0.00125392,0.271567,0.00168732
38.6846,173.967,2.19183,9.59044,-0.787239,0.0244668,-0.193913,-0.0172495
38.7432,173.999,2.45025,9.2698,-0.153141,-0.0341763,-0.278212,-0.0288559
38.9727,174.527,0.89013,9.59283,-0.521635,0.0183581,0.145728,-0.0050322
39.0313,174.633,1.23709,9.41815,-0.236889,-0.0317328,0.392518,0.104313
39.0898,174.464,2.66321,9.47079,-0.174676,0.0122495,0.117018,0.0297871
39.1475,174.263,1.94776,9.58086,-0.562313,-0.0121851,-0.0509703,-0.0820012
39.2061,174.327,2.03629,9.67658,-0.538385,-0.0158503,-0.0149292,-0.0532906
39.2627,174.115,1.45005,9.64547,-0.349352,-0.0225698,-0.116944,-0.0710056
39.3203,174.358,1.40219,9.73161,-0.339781,-0.0628869,0.121294,-0.0264125
39.4541,174.274,1.81615,9.58804,-0.0526421,-0.0237916,0.283784,-0.01053
39.5127,174.179,1.91665,9.79861,-0.311067,-0.0268459,-0.052192,0.0114612
39.5713,174.305,1.48594,9.64308,-0.256032,-0.0225698,0.104189,-0.06001
39.6289,174.052,1.55055,9.52822,-0.342174,-0.0231807,0.188489,0.0236785
39.6865,173.862,1.56251,9.7364,-0.0789632,-0.0366197,0.0449356,-0.0215255
39.7441,173.988,1.44287,9.69333,-0.0717847,0.00980601,0.192765,0.0071851
39.8018,174.094,1.65823,9.58565,-0.133998,-0.0213481,0.135954,-0.000145286
40.0342,174.369,1.73719,9.82972,0.0837488,-0.00851992,0.0333292,-0.00319959
40.1826,174.432,1.78744,10.0092,-0.177069,0.0262994,0.110909,-0.00381048
40.2412,174.633,1.97647,9.6694,-0.150748,0.00614083,0.163443,0.012072
40.2988,174.58,0.930808,9.80579,-0.416351,-0.00363301,0.184824,0.0132938
40.3564,174.126,1.95015,9.59761,0.430708,-0.0732716,0.09747,0.0566652
40.414,174.591,2.08893,9.19323,0.461815,-0.021959,0.180548,0.0401718
40.4717,174.284,1.81376,9.71725,0.040678,0.0220233,-0.0540246,-0.0679513
40.6055,174.475,0.892523,9.62872,-0.524028,0.0727251,0.0345509,-0.0936076
40.6641,174.369,1.64865,9.5354,0.351745,-0.0109634,-0.263551,-0.000145286
40.7217,174.337,1.87358,10.0164,0.303889,0.0165255,0.14695,0.0652173
40.7793,174.158,1.76351,9.62393,0.198604,0.0708925,0.0125598,0.0310088
40.8369,174.337,1.86162,9.38704,-0.165105,0.0678382,-0.595862,-0.00686479
40.8945,174.221,2.00997,9.67658,0.066999,0.11854,0.0119489,0.00779597
40.9521,174.179,1.66301,9.55933,-0.0334995,0.13992,0.0235553,0.0139046
41.1816,174.559,2.11765,9.52822,-0.263211,0.14664,0.00339675,0.012072
41.2402,174.665,1.71087,9.6359,-0.344566,0.171074,-0.0002684,0.0230676
41.2969,174.633,1.87597,9.54258,-0.835095,0.181459,-0.157261,0.0224567
41.3545,174.158,1.79222,9.5689,-1.01695,0.155192,-0.0644093,0.0291762
41.5098,174.369,1.71326,9.51147,-0.894916,0.155192,-0.102283,0.0658281
41.5684,174.168,1.75633,9.45165,-1.12941,0.156414,-0.052192,0.0743802
41.626,173.957,2.20379,9.22433,-1.43569,0.190011,0.0290531,0.0835432
41.7598,174.274,2.1655,9.40379,-1.63669,0.0928837,-0.07907,0.0615521
41.8184,174.189,2.16311,9.39661,-1.63908,0.0965489,0.0217227,0.0297871
41.877,174.031,2.2325,9.15973,-1.67976,0.0855533,-0.118776,0.0340632
41.9336,173.914,2.26361,9.45644,-1.67498,0.0519557,-0.112668,0.0334523
41.9912,173.693,2.22293,9.39661,-1.63908,0.0305754,0.0785332,0.0132938
42.0488,173.735,2.02433,9.26022,-1.61755,0.041571,0.0852527,0.0334523
42.1064,173.967,2.30907,9.41576,-1.78983,0.0165255,-0.0833461,0.0511674
42.3379,173.999,2.55075,9.3344,-1.61276,0.028132,-0.00943142,0.0267328
42.3965,174.274,2.36411,9.34876,-1.57208,0.0220233,0.0290531,0.00901771
42.4551,173.946,2.14636,9.32483,-1.47159,0.0513449,0.0217227,0.0383392
42.5127,173.872,2.29232,9.42772,-1.81615,0.0531774,-0.0167618,0.0413935
42.5703,173.566,2.34736,9.38704,-1.44766,0.0623404,0.00461847,0.0291762
42.6279,173.619,2.31865,9.49472,-1.8353,0.0165255,-0.0760157,0.0591086
42.6855,174.01,2.48614,9.14776,-1.67019,0.0770012,0.074868,0.0933171
42.8379,174.105,2.41675,9.31287,-1.50748,0.11854,0.0498225,0.103702
42.96,174.464,2.6321,9.18605,-1.68215,0.105101,-0.0240922,0.121417
43.0186,174.168,2.92403,9.09751,-1.54098,0.112431,-0.00271183,0.162956
43.0762,174.115,2.534,9.09751,-1.6989,0.16802,0.0486008,0.186169
43.1338,174.062,2.5005,9.26022,-1.54576,0.201007,0.0302748,0.227707
43.1914,174.02,6.77169,10.2413,-5.269,-0.656037,-0.638012,-0.570082
43.249,173.893,3.69452,7.13779,-1.88794,-0.191169,-0.327692,-0.334899
43.3066,173.904,5.91267,12.5408,-5.47478,-0.524701,1.33142,-0.00625393
43.5361,174.379,1.9669,6.58505,-1.93101,-0.0140177,-3.70578,-0.158359
43.5947,174.94,1.92144,9.41097,-7.53979,0.254763,0.797521,0.089041
43.6523,174.834,1.65344,9.04008,-1.51944,0.146029,0.0388269,0.0920953
43.71,174.612,3.79502,2.90489,-3.51027,-0.866785,-0.0485268,-0.174242
43.7676,174.697,0.607777,7.23111,-0.926023,-0.852735,-0.755908,-0.343451
43.8252,174.517,0.29671,8.48256,-0.368495,-0.705517,-0.10045,-0.13087
43.8828,174.58,0.98345,9.16451,2.34497,-0.717734,0.138398,-0.140644
44.0098,174.506,1.17488,9.70529,0.952343,-0.425741,1.31431,-0.00991912
44.0684,174.496,1.17248,9.75793,1.67976,-0.130693,-0.337466,-0.0447384
44.1846,174.189,0.918844,9.62154,0.428315,0.13259,-0.0369204,-0.0569557
44.2432,174.496,1.66301,9.50908,0.693919,0.288971,0.0614289,-0.0453493
44.3008,174.073,1.02174,10.3226,-1.06481,0.229717,0.290503,-0.221278
44.3584,173.883,-0.12682,9.51625,-0.870988,0.215057,-0.296538,-0.267704
44.416,174.062,0.859024,9.58086,-0.366102,-0.1142,-0.558599,0.0352849
44.4736,173.904,0.471386,9.7699,-0.68674,-0.0824346,-0.24828,-0.0441275
44.7021,174.179,0.794417,6.85783,0.789632,0.0391275,-0.157261,-0.815039
44.7617,174.21,-0.00717847,7.45843,0.734597,0.136255,0.29539,-0.562141
44.8203,173.724,-1.6654,9.50429,-1.37587,0.112431,0.559284,-0.262817
44.8779,173.724,-3.21835,8.30309,-0.445065,-0.357935,-0.289208,-0.356891
44.9355,174.084,-1.20359,8.66202,0.476172,-0.34083,0.299055,0.331554
44.9932,174.126,-1.01934,3.6347,-0.729811,-0.172843,-0.719257,0.0670499
45.0508,174.295,0.263211,10.8395,0.978664,-0.197888,0.0809766,0.0957605
45.1768,174.02,-0.521635,7.78625,-0.0550349,-0.0518913,1.51956,-0.185848
45.2441,174.02,0.555135,8.97548,0.789632,0.0702817,0.489034,-0.197455
45.3017,173.851,-0.519243,9.72443,0.411566,0.260261,0.0498225,0.188001
45.3594,174.179,-0.157926,9.92064,-0.172283,0.23155,-0.349072,0.00962856
45.4727,174.348,-0.459422,9.93022,-0.885345,0.250487,0.291114,0.0407827
45.5303,173.999,-0.0741775,9.69811,-0.275175,0.210781,-0.0686854,0.0975931
45.5879,174.073,0.258425,9.6024,0.748954,0.156414,-0.360068,0.10981
45.8154,174.453,0.636491,9.48754,-1.67737,0.287139,-0.00698799,-0.0190821
45.874,174.654,-0.48335,9.65025,-0.205783,0.0501231,-0.670998,-0.0166386
45.9316,174.813,-0.0502493,9.80339,-0.42353,0.102658,-0.271492,0.043837
45.9893,174.633,0.275175,9.6694,-0.772882,0.153359,0.0321074,0.0297871
46.0479,174.982,0.421137,9.69572,-1.28495,0.149694,0.0693702,0.00474165
46.1055,174.982,0.772882,9.67418,-1.19402,0.100825,0.186045,-0.0496254
46.1631,174.475,0.5001,9.61676,-1.02174,0.095938,0.192154,-0.0771143
46.29,174.675,-0.282353,9.64308,-1.13898,0.128314,-0.07907,-0.0612318
46.3486,174.464,-0.18664,9.65983,-0.887737,0.108766,0.186656,0.0383392
46.4072,174.316,-0.18664,9.66461,-1.14138,0.145418,-0.088233,0.0658281
46.4648,174.358,-0.0430708,9.68375,-1.68694,0.153359,-0.118776,0.0865976
46.5225,174.242,1.01216,9.73161,-2.67996,0.12526,-0.110224,0.138521
46.5801,174.718,1.37109,9.64786,-2.00279,0.0348515,0.29539,0.0566652
46.6377,174.665,0.538385,9.5689,-1.89512,-0.0983171,-0.335022,-0.0251908
46.9268,174.718,0.315853,9.66222,-0.861416,-0.0134069,-0.279434,0.0566652
46.9854,174.961,1.48594,9.62154,-2.72064,-0.0360088,0.143896,-0.00625393
47.042,174.697,0.569492,9.65265,-1.15573,-0.148408,0.571501,-0.073449
47.0996,174.665,-0.0454636,9.66222,-3.0676,-0.133136,-0.0955634,-0.0416841
47.1572,174.633,0.964308,9.7029,-2.35693,-0.337165,0.0137815,-0.060621
47.2158,174.443,0.349352,9.77229,-0.547956,-0.34755,0.228806,-0.0771143
47.2734,174.496,0.0167498,9.67418,-0.272782,-0.309065,0.603877,-0.0184712
47.3975,174.728,0.457029,9.55933,0.275175,-0.365265,-0.0448616,0.164177
47.4561,174.707,0.930808,9.67897,0.57667,-0.258975,0.338151,0.0383392
47.5137,174.612,0.524028,9.77707,0.736989,-0.199721,0.338762,-0.0490145
47.5713,174.739,0.937987,9.39661,0.454636,-0.0854889,0.093194,-0.00381048
47.6289,174.908,0.133998,9.59044,0.768096,-0.0659412,0.110909,-0.0581775
47.6865,174.58,0.995414,11.0453,-0.933201,0.0788338,-0.208573,-0.0196929
47.7441,174.897,0.179462,9.97089,-1.61516,-0.111756,0.278286,-0.0899424
47.9785,174.929,0.287139,9.52583,0.614955,-0.317007,-0.147487,0.128747
48.0381,175.352,1.22273,9.47558,1.00977,-0.317618,0.23186,0.151349
48.0947,175.088,0.792024,10.0714,1.88794,-0.364043,-0.256832,0.250309
48.252,175.299,1.2012,9.25305,2.09133,-0.139245,-0.419322,0.283907
48.3096,175.468,3.55573,9.14297,3.3332,-0.273635,0.0828092,0.459225
48.3672,175.267,3.6347,9.44208,3.84048,-0.0244024,0.047379,-0.105214
48.4248,175.024,1.78744,9.96132,2.29472,0.127703,-0.231175,-0.0612318
48.4824,174.982,3.54856,8.51127,3.55573,0.0922728,-0.458417,-0.191957
48.6074,174.76,1.04327,9.16212,0.631705,0.397705,-0.252556,-0.174242
48.666,174.971,2.67757,9.76511,0.916451,0.510715,-0.1707,-0.21517
48.7324,175.024,0.547956,9.96611,0.299103,0.411755,0.115796,-0.267704
48.7891,174.834,0.409173,9.77229,0.914058,0.270645,-0.203687,-0.18035
48.8467,174.94,1.19641,9.48754,0.902094,0.320125,-0.217126,-0.188292
48.9043,174.718,0.62692,9.48754,0.208176,0.343338,-0.00698799,-0.190735
48.9619,174.633,0.48335,9.31765,0.00717847,0.28775,0.0913613,-0.157748
49.1895,174.591,0.641276,9.74597,-0.272782,0.486892,-0.0240922,-0.157748
49.248,174.739,0.404387,9.66461,-0.92363,0.492389,-0.298981,-0.213337
49.3057,174.792,-0.227318,9.667,-1.75155,0.257817,-0.239117,-0.105214
49.3633,174.697,0.433101,9.79622,-1.19163,0.243767,0.353422,-0.078336
49.4209,174.538,0.346959,9.67179,-2.10568,0.213224,0.0614289,-0.0343537
49.5703,174.834,0.124427,9.68136,-2.21097,0.155192,-0.0723505,-0.0667295
49.627,174.707,-0.275175,9.67658,-1.67737,0.11121,0.0333292,-0.0178604
49.751,174.897,-0.129212,9.61436,-2.05304,0.0464579,0.00278592,0.00474165
49.8096,174.897,0.136391,9.56411,-1.80658,-0.00974166,-0.0271465,0.0566652
49.8662,174.866,0.868595,9.59761,-1.17727,0.0305754,-0.0332551,0.0181807
49.9238,175.172,-0.0454636,9.56172,-2.33061,0.0336298,-0.0900655,-0.0166386
49.9814,175.098,0.0693919,9.55215,-2.13679,-0.0286785,-0.0711288,0.0181807
50.0391,175.088,0.557528,9.59283,-1.7013,-0.0390632,0.0663159,0.0157372
50.0967,175.109,0.210568,9.57608,-1.6989,-0.0366197,-0.0356987,0.00840685
50.3193,174.834,0.258425,9.6694,-1.35673,-0.071439,0.000953317,0.00962856
50.3779,174.866,0.404387,9.56651,-1.17248,-0.0457827,0.0113381,0.0163481
50.4355,174.845,0.473779,9.61915,-0.859024,-0.0335654,-0.0399747,0.00962856
50.4932,175.035,0.535992,9.667,-0.753739,0.0391275,-0.00820971,-0.0245799
50.5508,174.834,0.581456,9.65983,-1.14377,0.0806664,0.0986917,-0.0178604
50.6084,174.771,0.658026,9.60718,-1.32802,0.100825,-0.00759882,-0.033132
50.666,174.919,0.650848,9.61915,-1.41177,0.114264,0.0284422,-0.0569557
50.7949,175.14,0.241675,9.57368,-2.00758,0.0391275,0.149394,-0.0856664
50.9219,174.665,-0.0454636,9.56172,-2.14158,-0.00790906,0.043103,-0.0740599
50.9795,174.401,-0.105284,9.55933,-2.08893,-0.0647195,0.00767279,-0.0386298
51.0371,174.263,0.248854,9.64068,-1.9669,-0.100761,0.0101163,-0.01053
51.0947,174.337,0.0239282,9.70768,-1.58883,-0.119697,-0.0308117,0.000465602
51.1523,174.623,0.00478565,9.69811,-1.17727,-0.111756,-0.00759882,0.0230676
51.2109,174.697,0.394816,9.667,-0.882952,-0.080602,-0.0173726,0.0322306
51.4355,175.045,0.969093,9.59761,-1.14616,0.112431,0.0272205,-0.0258016
51.4941,175.32,0.698704,9.53061,-1.24905,0.150305,0.105411,-0.064897
51.5518,175.151,0.394816,9.47797,-1.64387,0.144807,0.0516551,-0.0801686
51.6094,175.183,0.519243,9.54976,-1.85444,0.130146,0.0351617,-0.0972728
51.667,175.035,0.411566,9.64308,-2.18465,0.0989923,0.0870853,-0.113155
51.7246,175.035,-0.0119641,9.59283,-2.22772,0.0617296,0.0889179,-0.111934
51.7822,174.992,-0.040678,9.6024,-2.21575,0.0177473,0.0357726,-0.0710056
51.9092,174.929,0.0837488,9.62633,-1.95494,-0.0830455,0.0504334,-0.014806
51.9678,174.94,-0.177069,9.60958,-1.51226,-0.0891541,-0.0100423,0.0132938
52.0264,174.866,-0.0741775,9.55454,-1.46441,-0.104426,0.052266,0.057276
52.0918,174.919,0.224925,9.63351,-1.04566,-0.0274567,-0.0326443,0.0597195
52.2061,174.971,0.339781,9.6359,-0.959522,0.0140821,-0.0870113,0.0804889
52.2637,174.76,0.51685,9.60001,-1.05045,0.064173,-0.174365,0.0615521
52.3213,174.813,0.464208,9.65743,-1.26341,0.0818881,0.0211118,0.0413935
52.542,175.003,0.744168,9.55215,-1.91665,0.0537883,0.0626507,-0.0697839
52.6006,175.172,0.454636,9.57129,-1.95972,0.0299646,0.052266,-0.0881098
52.6582,175.14,0.437887,9.58804,-1.92144,-0.00180042,0.133511,-0.0960511
52.7158,174.845,0.241675,9.58565,-1.99801,-0.0244024,0.110909,-0.101549
52.7734,174.823,0.0287139,9.58565,-1.91904,-0.0518913,0.0308857,-0.0752816
52.8311,174.718,-0.00957129,9.58326,-1.72523,-0.0720499,0.0125598,-0.0361863
52.8887,174.771,-0.0430708,9.62872,-1.50748,-0.0683847,0.0150032,-0.0141952
53.0107,174.834,0.191426,9.61197,-1.04088,-0.0195155,-0.0369204,0.0615521
53.0703,175.236,0.464208,9.62154,-1.12463,0.0244668,-0.0906765,0.057276
53.1279,175.045,0.466601,9.62154,-1.22991,0.0635622,-0.0503594,0.043837
53.1855,174.813,0.212961,9.62633,-1.38305,0.0855533,-0.0741831,0.0273437
53.2432,174.855,0.693919,9.64068,-1.45962,0.0916619,-0.0760157,0.016959
53.3008,174.982,0.863809,9.64786,-1.75873,0.0971597,0.00278592,-0.0154169
53.3584,174.76,0.581456,9.5689,-2.00519,0.0489014,0.043103,-0.0563449
53.6523,175.14,0.31346,9.61915,-1.77069,-0.0500588,0.00828367,-0.0624535
53.7109,175.447,0.325424,9.59522,-1.52901,-0.0525022,-0.0002684,-0.0203038
53.7686,175.331,-0.311067,9.6024,-1.4668,-0.0506696,-0.074794,-0.00808653
53.8262,175.14,0.385244,9.75554,-1.43809,-0.0470044,-0.070518,-0.00442134
53.8838,175.024,0.275175,9.63111,-1.17488,-0.0134069,-0.00515538,0.0224567
53.9414,175.341,0.614955,9.65265,-1.41655,0.00980601,-0.0637984,0.00535251
53.999,175.299,0.708276,9.58565,-1.49073,0.032408,-0.000879288,-0.00319959
54.1279,175.077,0.777668,9.71008,-1.53141,0.0873859,-0.0173726,-0.0349646
54.1865,175.299,0.0861416,9.49472,-1.59362,0.0928837,-0.0179835,0.016959
54.2451,175.531,0.287139,9.66222,-1.88794,0.0892185,-0.000879288,-0.0520688
54.3027,175.51,0.622134,9.6359,-1.96929,0.0745578,0.0687593,-0.0361863
54.3604,175.827,0.105284,9.55215,-2.04347,0.0537883,-0.0332551,-0.0502362
54.418,175.257,0.337388,9.59283,-2.36411,0.0104169,-0.0302008,-0.0410732
54.4756,175.405,0.320638,9.57368,-2.09372,-0.0280676,-0.00515538,-0.0312994
54.7041,175.267,0.370888,9.6024,-1.33759,-0.0225698,0.0290531,0.0175698
54.7627,175.204,0.114856,9.62154,-1.39741,-0.00180042,-0.00271183,0.0200133
54.8213,175.341,0.37328,9.55693,-1.69173,0.0708925,-0.00759882,0.0285654
54.9688,174.612,0.160319,9.59522,-2.00519,0.0635622,-0.119387,0.0224567
55.0264,174.697,0.39003,9.56651,-2.00758,0.0403493,-0.0766265,0.0322306
55.084,174.58,0.614955,9.60001,-2.12483,0.0208016,0.0369943,0.0316197
55.1416,174.612,0.428315,9.59761,-2.11526,-0.0103525,0.0314965,0.0365066
55.2666,174.549,0.818345,9.58086,-1.72762,-0.0561674,-0.0350877,0.0187915
55.3262,174.686,0.614955,9.58804,-1.62233,-0.0543348,0.0498225,-0.000756145
55.3838,174.57,0.622134,9.59283,-1.50269,-0.0482261,0.0913613,0.0041308
55.4414,174.665,0.98345,9.60001,-1.37109,-0.0341763,0.0107272,-0.014806
55.499,174.675,0.581456,9.57129,-1.34477,-0.00913081,0.0211118,-0.0569557
55.5596,174.369,0.48335,9.60479,-1.2993,0.0183581,0.0913613,-0.0777251
55.6162,174.443,0.691526,9.60958,-1.10548,0.0409602,0.145117,-0.0593992
55.8437,175.066,0.215354,9.55933,-1.91665,0.162522,0.0602072,-0.046571
55.9023,174.908,0.0981058,9.57129,-2.25404,0.143585,0.052266,-0.0520688
55.96,175.13,0.358923,9.51625,-2.45982,0.131979,-0.0485268,-0.014806
56.0176,174.485,0.538385,9.667,-2.54596,0.086775,-0.0137075,0.0389501
56.0752,174.633,0.040678,9.60479,-2.37607,0.0269102,-0.0515811,0.0285654
56.1328,174.57,0.660419,9.51865,-1.94297,0.00430824,-0.0998395,0.0652173
56.2871,174.887,0.667598,9.48754,-1.90469,0.0250777,0.0180575,0.0853758
56.4121,174.929,1.2012,9.39661,-1.77548,0.0672273,-0.0570789,0.089041
56.4717,175.151,1.09113,9.39183,-2.28754,0.0763903,0.1048,0.0786563
56.5293,174.813,0.79681,9.43251,-2.20379,0.0751686,0.093194,0.0475022
56.5869,175.024,1.19641,9.58565,-2.22772,0.0617296,-0.0680745,0.0230676
56.6445,174.771,1.08395,9.61915,-2.30429,0.0543992,0.00339675,-0.000145286
56.7022,174.675,0.701097,9.45404,-2.4,0.0238559,0.093194,-0.00869739
56.7598,174.601,1.09831,9.35833,-2.31386,0.0287428,-0.0173726,0.0041308
56.8174,175.035,1.28016,9.39901,-2.04826,0.0464579,0.0235553,-0.0050322
57.0449,175.193,1.82812,9.81536,-1.94776,0.0708925,0.0437138,-0.0300777
57.1035,175.32,0.440279,16.4937,-5.99641,0.128925,-0.369842,-0.001367
57.1611,175.193,1.0002,33.0066,-4.40279,0.598069,-0.683216,0.101869
57.2197,175.014,1.29212,33.9733,-1.03131,0.248654,-0.476743,-0.170577
57.2773,175.278,-0.0215354,25.6056,4.58943,0.706803,0.966731,-0.028245
57.335,175.785,2.52921,24.5097,3.14895,0.222998,-0.156039,-0.166301
57.3926,175.849,5.45085,21.5665,3.45763,0.347003,-1.17069,-0.198065
57.5186,177.117,3.55813,21.5258,1.78744,-0.0268459,-2.92509,-0.559087
57.6445,177.688,4.16112,21.2698,1.72283,-0.166734,-1.69603,-0.568861
57.7022,178.195,4.17308,21.6096,0.744168,-0.355491,-1.27209,-0.460737
57.7598,179.009,4.3669,21.6766,0.751346,-0.473388,-1.11815,-0.337343
57.8174,179.77,3.97926,21.6407,-0.081356,-0.550968,-0.690546,-0.108879
57.875,179.262,2.68235,21.2698,-0.153141,-0.600448,0.64114,0.247255
57.9326,179.791,2.38325,20.8247,-0.550349,-0.51004,0.95879,0.364541
58.1611,182.19,0.921237,21.3153,-0.949951,-0.0470044,3.47739,0.650426
58.2207,182.729,0.425922,21.7627,-0.870988,0.00736257,4.01189,0.566127
58.2773,183.733,0.421137,21.5139,-1.14138,0.0782229,3.60139,0.464723
58.335,184.114,0.37328,20.3653,-0.959522,0.292026,3.52442,0.423184
58.3926,185.276,0.708276,20.126,-1.55055,0.381823,3.14691,0.363319
58.4502,186.375,0.588634,20.5232,-1.8664,0.649992,3.46639,0.49771
58.5078,186.872,0.105284,20.7697,0.11007,0.844248,3.16829,0.594226
58.5654,187.866,0.0311067,21.1238,0.636491,0.687255,2.45724,0.402415
58.6914,190.318,-0.579063,20.9396,0.184247,0.271867,1.0608,-0.100327
58.75,191.206,0.65324,21.0114,0.0765703,0.266369,0.876934,-0.262817
58.8076,192.358,1.63191,21.1765,0.567099,0.323791,1.08707,-0.423475
58.9355,195.38,1.91187,21.1597,2.02672,0.200396,0.943518,-0.0942185
58.9932,197.536,1.2012,2.45982,3.24706,-0.472166,-0.0259247,0.206327
59.0586,198.266,0.215354,-0.579063,2.33779,-0.801423,-0.0864005,0.489769
59.1162,199.217,0.535992,-0.940379,0.567099,-1.03172,0.190321,0.574679
59.3408,203.413,0.401994,-0.684347,-0.892523,0.59135,3.25198,0.44151
59.3994,204.301,0.174676,-0.770489,0.0334995,0.667097,3.01435,0.534972
59.457,205.136,0.337388,-0.90688,0.952343,0.493611,1.86409,0.573457
59.5146,205.463,-1.7683,-0.937987,1.70608,0.235215,0.697339,0.528253
59.5723,206.594,0.22014,-0.995414,1.00977,-0.230264,-0.260497,0.268635
59.6309,207.271,-0.457029,-1.0337,1.33041,-0.442845,-0.48163,0.113476
59.6885,208.327,-0.29671,-0.775275,-0.112463,-0.668865,-0.393054,-0.0380189
59.7461,209.226,-0.363709,-0.729811,-0.413958,-0.533253,-0.484684,-0.100327
59.8711,210.388,0.244068,-0.65324,-0.820738,-0.315785,-0.447422,-0.213948
59.9297,211.361,0.535992,-0.550349,-0.141177,-0.187503,-0.331357,-0.205396
59.9863,211.667,0.366102,-0.411566,-0.57667,-0.058,0.280729,-0.164468
60.0439,212.048,0.701097,-0.401994,-0.0646062,0.151527,1.08096,0.00351991
60.1016,212.418,0.428315,-0.358923,0.691526,-0.044561,0.927635,0.224042
60.2197,213.591,0.512064,-0.368495,0.435494,-0.142299,0.937409,0.437234
60.2764,213.897,0.727418,-0.356531,0.366102,-0.20644,0.941074,0.51909
60.5049,215.567,-0.198604,-0.143569,-0.0358923,-0.572959,0.741322,0.457393
60.5635,215.905,-0.385244,-0.112463,-0.0837488,-0.535086,0.992387,0.380424
60.6201,216.212,-0.476172,-0.0454636,-0.208176,-0.469723,0.974061,0.180671
60.6777,216.254,-0.459422,0.0382852,-0.00239282,-0.389089,0.378468,0.0670499
60.7354,216.244,-0.141177,-0.00478565,-0.0143569,-0.317007,0.252019,-0.0642861
60.793,216.149,0.445065,-0.0311067,0.545564,-0.274857,0.219643,-0.139422
60.9277,217.068,1.47876,-0.0717847,1.20598,-0.454451,0.0968591,0.209992
60.9863,217.48,1.40698,-0.0550349,1.44048,-0.558909,0.135344,0.369428
61.043,217.618,1.39262,-0.0574278,1.97408,-0.69391,0.09747,0.472053
61.1006,217.501,1.34716,-0.124427,2.01954,-0.885722,-0.230565,0.606444
61.1582,216.899,1.17488,-0.234497,1.67976,-1.09158,-0.167035,0.732893
61.2158,217.29,1.01934,-0.222533,1.34716,-1.1936,-0.553101,0.845292
61.2734,216.518,0.538385,-0.253639,0.909273,-1.23025,-0.23423,0.960135
61.3311,216.37,0.260818,-0.234497,0.847059,-1.29806,-0.201854,0.969298
61.5615,215.599,0.0119641,-0.193819,0.165105,-0.840518,-1.15297,1.07864
61.7148,214.965,-0.0693919,-0.236889,0.318246,-0.711626,-0.798058,1.05543
61.7725,214.415,0.0598206,-0.215354,0.693919,-0.641376,-0.803556,1.00534
61.8301,214.109,0.174676,1.01216,0.68674,-0.657259,-1.51827,0.913098
61.8877,213.295,-5.7356,-10.7988,1.93819,-1.17955,-8.43326,-1.65131
61.9453,212.862,1.05284,-14.199,-5.8337,0.418475,-19.7691,1.98394
62.0029,212.365,16.9819,-56.3701,18.1041,0.886398,-18.9927,-1.43812
62.1357,211.857,-0.641276,-1.7659,-4.35254,-1.98406,-2.91471,1.50808
62.1953,211.868,-7.90828,-3.41934,-4.83111,-0.724454,-10.5914,1.27045
62.252,210.6,-10.4423,-1.1653,6.95115,-0.359767,-13.6989,0.439067
62.3096,207.556,-5.04646,9.95893,8.18585,-2.20886,-1.47245,0.0071851
62.3672,210.219,6.33141,12.5862,13.7539,-1.60532,20.1766,-2.13817
62.4277,210.716,-12.1771,1.86401,21.1549,5.87289,20.1766,0.539859
